date,shop_id,item_id,item_price,item_cnt_day
"2015-01-04 00:00:00",29,1469,1199,1
"2015-01-04 00:00:00",28,21364,479,1
"2015-01-04 00:00:00",28,21365,999,2
"2015-01-04 00:00:00",28,22104,249,2
"2015-01-04 00:00:00",28,22091,179,1
"2015-01-04 00:00:00",28,21842,149,1
"2015-01-04 00:00:00",28,21881,299,1
"2015-01-04 00:00:00",29,6930,2199,1
"2015-01-04 00:00:00",29,10515,169,1
"2015-01-04 00:00:00",29,8624,149,1
"2015-01-04 00:00:00",29,4178,1590,1
"2015-01-04 00:00:00",29,5643,2990,1
"2015-01-04 00:00:00",29,5823,2799,1
"2015-01-04 00:00:00",29,5037,2599,1
"2015-01-04 00:00:00",29,5013,698,1
"2015-01-04 00:00:00",29,5822,1149,1
"2015-01-04 00:00:00",28,16487,399,1
"2015-01-04 00:00:00",28,16360,799,1
"2015-01-04 00:00:00",28,15698,99,1
"2015-01-04 00:00:00",28,15812,999,1
"2015-01-04 00:00:00",28,15818,699,1
"2015-01-04 00:00:00",28,17748,349,1
"2015-01-04 00:00:00",28,16923,599,2
"2015-01-04 00:00:00",28,16889,99,1
"2015-01-04 00:00:00",28,16880,199,1
"2015-01-04 00:00:00",28,17027,399,1
"2015-01-04 00:00:00",28,15922,2149,1
"2015-01-04 00:00:00",28,15645,399,1
"2015-01-04 00:00:00",28,20225,479,2
"2015-01-04 00:00:00",28,20434,1899,1
"2015-01-04 00:00:00",28,20069,98,1
"2015-01-04 00:00:00",28,19816,799,1
"2015-01-04 00:00:00",28,20949,5,6
"2015-01-04 00:00:00",28,20916,1719,1
"2015-01-04 00:00:00",28,18407,199,1
"2015-01-04 00:00:00",28,18148,449,1
"2015-01-04 00:00:00",28,18048,299,1
"2015-01-04 00:00:00",28,18439,199,1
"2015-01-04 00:00:00",28,19116,399,1
"2015-01-04 00:00:00",28,18477,249,1
"2015-01-04 00:00:00",31,2868,999,1
"2015-01-04 00:00:00",31,2853,666,3
"2015-01-04 00:00:00",31,2852,666,3
"2015-01-04 00:00:00",31,2817,3799,1
"2015-01-04 00:00:00",31,3141,1180,1
"2015-01-04 00:00:00",31,3084,299,1
"2015-01-04 00:00:00",31,2047,198,2
"2015-01-04 00:00:00",31,2286,2999,1
"2015-01-04 00:00:00",31,1969,3999,1
"2015-01-04 00:00:00",31,1744,299,1
"2015-01-04 00:00:00",31,2445,599,2
"2015-01-04 00:00:00",31,4102,349,1
"2015-01-04 00:00:00",31,4334,799,1
"2015-01-04 00:00:00",31,4554,299,2
"2015-01-04 00:00:00",31,3553,2799,1
"2015-01-04 00:00:00",31,3734,3399,1
"2015-01-04 00:00:00",29,17717,1000,1
"2015-01-04 00:00:00",29,16205,359,1
"2015-01-04 00:00:00",29,16174,799,1
"2015-01-04 00:00:00",29,16788,2099,1
"2015-01-04 00:00:00",29,15818,699,1
"2015-01-04 00:00:00",29,18147,99,1
"2015-01-04 00:00:00",29,12362,399,1
"2015-01-04 00:00:00",29,13517,2390,1
"2015-01-04 00:00:00",29,13511,1499,1
"2015-01-04 00:00:00",29,11927,599,1
"2015-01-04 00:00:00",29,20610,1099,1
"2015-01-04 00:00:00",31,1364,399,1
"2015-01-04 00:00:00",31,1858,1199,1
"2015-01-04 00:00:00",31,1563,1799,1
"2015-01-04 00:00:00",31,1570,2999,1
"2015-01-04 00:00:00",31,1568,1999,1
"2015-01-04 00:00:00",29,21362,1099,1
"2015-01-04 00:00:00",29,20259,149,1
"2015-01-04 00:00:00",29,21367,749,1
"2015-01-04 00:00:00",31,32,149,1
"2015-01-04 00:00:00",31,486,300,1
"2015-01-04 00:00:00",28,1563,1799,1
"2015-01-04 00:00:00",28,1971,4499,1
"2015-01-04 00:00:00",28,1878,2599,1
"2015-01-04 00:00:00",27,21364,479,1
"2015-01-04 00:00:00",27,21365,999,1
"2015-01-04 00:00:00",28,30,169,1
"2015-01-04 00:00:00",27,21605,99,1
"2015-01-04 00:00:00",28,3342,2999,1
"2015-01-04 00:00:00",28,3340,1799,1
"2015-01-04 00:00:00",28,3071,799,1
"2015-01-04 00:00:00",28,3934,3499,1
"2015-01-04 00:00:00",28,3777,349,1
"2015-01-04 00:00:00",28,2293,999,2
"2015-01-04 00:00:00",28,2284,2999,1
"2015-01-04 00:00:00",28,2578,349,1
"2015-01-04 00:00:00",28,2799,499,1
"2015-01-04 00:00:00",27,15817,399,1
"2015-01-04 00:00:00",27,16441,99,1
"2015-01-04 00:00:00",27,15739,499,1
"2015-01-04 00:00:00",27,17322,149,1
"2015-01-04 00:00:00",27,14822,1259,2
"2015-01-04 00:00:00",27,15257,1199,1
"2015-01-04 00:00:00",27,16113,1599,1
"2015-01-04 00:00:00",27,16136,1199,1
"2015-01-04 00:00:00",27,16116,659,1
"2015-01-04 00:00:00",27,15856,899,1
"2015-01-04 00:00:00",27,15989,499,1
"2015-01-04 00:00:00",27,15857,1499,1
"2015-01-04 00:00:00",27,20608,1999,1
"2015-01-04 00:00:00",27,20544,1999,1
"2015-01-04 00:00:00",27,20521,1999,1
"2015-01-04 00:00:00",27,20225,479,1
"2015-01-04 00:00:00",27,18042,299,2
"2015-01-04 00:00:00",27,18030,299,1
"2015-01-04 00:00:00",27,18026,299,2
"2015-01-04 00:00:00",27,18050,299,1
"2015-01-04 00:00:00",27,18048,299,1
"2015-01-04 00:00:00",27,18046,299,1
"2015-01-04 00:00:00",27,18049,299,1
"2015-01-04 00:00:00",28,11927,599,1
"2015-01-04 00:00:00",28,11431,79,1
"2015-01-04 00:00:00",28,8079,399,1
"2015-01-04 00:00:00",28,11899,99,1
"2015-01-04 00:00:00",28,10476,479,2
"2015-01-04 00:00:00",28,10164,199,1
"2015-01-04 00:00:00",28,14308,169,1
"2015-01-04 00:00:00",28,13803,799,2
"2015-01-04 00:00:00",28,14597,199,1
"2015-01-04 00:00:00",28,12091,499,1
"2015-01-04 00:00:00",28,13591,1799,1
"2015-01-04 00:00:00",28,12839,99,1
"2015-01-04 00:00:00",28,5459,349,1
"2015-01-04 00:00:00",28,5823,2799,1
"2015-01-04 00:00:00",28,4393,1198,1
"2015-01-04 00:00:00",28,4003,449,1
"2015-01-04 00:00:00",28,4102,349,2
"2015-01-04 00:00:00",28,4872,1199,1
"2015-01-04 00:00:00",28,7308,349,1
"2015-01-04 00:00:00",28,7894,2290,2
"2015-01-04 00:00:00",28,6129,1999,1
"2015-01-04 00:00:00",28,6027,299,1
"2015-01-04 00:00:00",28,6713,1699,2
"2015-01-04 00:00:00",28,6351,449,1
"2015-01-04 00:00:00",31,18677,199,1
"2015-01-04 00:00:00",31,19116,399,1
"2015-01-04 00:00:00",31,20613,1099,2
"2015-01-04 00:00:00",31,21365,999,1
"2015-01-04 00:00:00",31,21367,749,1
"2015-01-04 00:00:00",31,21377,135.2,1
"2015-01-04 00:00:00",31,21364,479,1
"2015-01-04 00:00:00",31,19817,499,1
"2015-01-04 00:00:00",31,19894,499,1
"2015-01-04 00:00:00",31,19692,169,1
"2015-01-04 00:00:00",31,19752,63.2,1
"2015-01-04 00:00:00",31,20465,1399,1
"2015-01-04 00:00:00",31,20055,399,1
"2015-01-04 00:00:00",31,16356,199,1
"2015-01-04 00:00:00",31,16555,49,1
"2015-01-04 00:00:00",31,16790,2899,1
"2015-01-04 00:00:00",31,16058,449,1
"2015-01-04 00:00:00",31,16137,399,1
"2015-01-04 00:00:00",31,16116,659,1
"2015-01-04 00:00:00",31,16083,449,1
"2015-01-04 00:00:00",31,15615,399,1
"2015-01-04 00:00:00",31,17500,499,1
"2015-01-04 00:00:00",31,17467,399,1
"2015-01-04 00:00:00",31,17748,349,1
"2015-01-04 00:00:00",31,16896,399,1
"2015-01-04 00:00:00",31,17046,399,1
"2015-01-04 00:00:00",31,17130,58,1
"2015-01-04 00:00:00",31,16032,499,1
"2015-01-04 00:00:00",31,21386,134.6,1
"2015-01-04 00:00:00",35,4806,99,1
"2015-01-04 00:00:00",35,5821,1099,1
"2015-01-04 00:00:00",35,5663,3690,1
"2015-01-04 00:00:00",35,2976,2199,1
"2015-01-04 00:00:00",35,3072,3499,1
"2015-01-04 00:00:00",35,2799,499,1
"2015-01-04 00:00:00",35,13802,499,1
"2015-01-04 00:00:00",35,12477,199,1
"2015-01-04 00:00:00",35,7736,299,1
"2015-01-04 00:00:00",35,7894,2290,1
"2015-01-04 00:00:00",35,7877,3990,-1
"2015-01-04 00:00:00",35,9554,199,1
"2015-01-04 00:00:00",35,10455,99,1
"2015-01-04 00:00:00",31,22088,119,2
"2015-01-04 00:00:00",31,22087,119,1
"2015-01-04 00:00:00",31,21363,3199,1
"2015-01-04 00:00:00",31,21440,149,1
"2015-01-04 00:00:00",31,21793,999,1
"2015-01-04 00:00:00",31,21976,1499,1
"2015-01-04 00:00:00",35,970,349,1
"2015-01-04 00:00:00",34,22088,119,1
"2015-01-04 00:00:00",34,22087,119,1
"2015-01-04 00:00:00",34,20949,5,1
"2015-01-04 00:00:00",35,1880,2849,1
"2015-01-04 00:00:00",35,1857,1999,1
"2015-01-04 00:00:00",35,1883,3999,1
"2015-01-04 00:00:00",35,1826,28,1
"2015-01-04 00:00:00",35,1824,28,1
"2015-01-04 00:00:00",34,17717,2599,1
"2015-01-04 00:00:00",34,13697,899,1
"2015-01-04 00:00:00",34,15044,298,1
"2015-01-04 00:00:00",31,9355,349,1
"2015-01-04 00:00:00",31,8012,299,1
"2015-01-04 00:00:00",31,8008,299,2
"2015-01-04 00:00:00",31,9495,99,1
"2015-01-04 00:00:00",31,10476,479,2
"2015-01-04 00:00:00",31,10478,799,1
"2015-01-04 00:00:00",31,10633,899,1
"2015-01-04 00:00:00",31,10615,599,1
"2015-01-04 00:00:00",31,9697,1799,1
"2015-01-04 00:00:00",31,10266,299,1
"2015-01-04 00:00:00",31,10378,149,1
"2015-01-04 00:00:00",31,5822,1149,4
"2015-01-04 00:00:00",31,5341,1399,1
"2015-01-04 00:00:00",31,5572,1890,1
"2015-01-04 00:00:00",31,4807,399,1
"2015-01-04 00:00:00",31,4872,1199,1
"2015-01-04 00:00:00",31,4628,299,1
"2015-01-04 00:00:00",31,5305,299,1
"2015-01-04 00:00:00",31,4906,1999,1
"2015-01-04 00:00:00",31,6308,299,1
"2015-01-04 00:00:00",31,6710,599,1
"2015-01-04 00:00:00",31,7793,2599,1
"2015-01-04 00:00:00",31,7233,599,1
"2015-01-04 00:00:00",31,6051,399,1
"2015-01-04 00:00:00",31,6129,1999,1
"2015-01-04 00:00:00",31,6128,2499,1
"2015-01-04 00:00:00",31,5962,699,1
"2015-01-04 00:00:00",31,6496,249,1
"2015-01-04 00:00:00",31,6252,299,1
"2015-01-04 00:00:00",31,6226,199,1
"2015-01-04 00:00:00",31,14437,349,1
"2015-01-04 00:00:00",31,14458,299,1
"2015-01-04 00:00:00",31,13812,99,1
"2015-01-04 00:00:00",31,13803,799,1
"2015-01-04 00:00:00",31,13802,499,1
"2015-01-04 00:00:00",31,14019,149,2
"2015-01-04 00:00:00",31,14223,299,1
"2015-01-04 00:00:00",31,15286,1899,1
"2015-01-04 00:00:00",31,15336,529,1
"2015-01-04 00:00:00",31,15480,599,1
"2015-01-04 00:00:00",31,14830,339,1
"2015-01-04 00:00:00",31,14628,199,1
"2015-01-04 00:00:00",31,15240,599,1
"2015-01-04 00:00:00",31,14844,339,1
"2015-01-04 00:00:00",31,11926,1139,2
"2015-01-04 00:00:00",31,11688,149,1
"2015-01-04 00:00:00",31,11711,299,1
"2015-01-04 00:00:00",31,11795,199,1
"2015-01-04 00:00:00",31,11927,569,4
"2015-01-04 00:00:00",31,11181,99,1
"2015-01-04 00:00:00",31,11247,399,1
"2015-01-04 00:00:00",31,11134,79,1
"2015-01-04 00:00:00",31,11106,199,1
"2015-01-04 00:00:00",31,11595,99,1
"2015-01-04 00:00:00",31,12797,199,1
"2015-01-04 00:00:00",31,12062,99,1
"2015-01-04 00:00:00",31,12361,99,1
"2015-01-04 00:00:00",24,8079,399,1
"2015-01-04 00:00:00",24,8073,399,1
"2015-01-04 00:00:00",24,11926,1199,1
"2015-01-04 00:00:00",24,9401,299,1
"2015-01-04 00:00:00",24,10478,799,1
"2015-01-04 00:00:00",24,10476,479,1
"2015-01-04 00:00:00",24,13802,499,1
"2015-01-04 00:00:00",24,6126,999,1
"2015-01-04 00:00:00",24,6117,249,1
"2015-01-04 00:00:00",24,8570,499,1
"2015-01-04 00:00:00",24,7856,799,1
"2015-01-04 00:00:00",25,74,499,1
"2015-01-04 00:00:00",24,20949,5,1
"2015-01-04 00:00:00",24,14228,99,1
"2015-01-04 00:00:00",24,14227,99,1
"2015-01-04 00:00:00",24,19993,98,1
"2015-01-04 00:00:00",21,20269,169,1
"2015-01-04 00:00:00",21,22162,399,1
"2015-01-04 00:00:00",21,17785,169,1
"2015-01-04 00:00:00",24,1905,249,1
"2015-01-04 00:00:00",21,20225,479,1
"2015-01-04 00:00:00",21,18923,399,1
"2015-01-04 00:00:00",21,19817,499,1
"2015-01-04 00:00:00",21,19162,749,1
"2015-01-04 00:00:00",21,19161,399,1
"2015-01-04 00:00:00",24,4178,1590,1
"2015-01-04 00:00:00",24,4231,2299,1
"2015-01-04 00:00:00",24,5240,799,1
"2015-01-04 00:00:00",24,5380,3490,1
"2015-01-04 00:00:00",24,1914,249,1
"2015-01-04 00:00:00",24,3071,799,1
"2015-01-04 00:00:00",24,3146,2590,1
"2015-01-04 00:00:00",25,5272,299,1
"2015-01-04 00:00:00",25,5827,349,1
"2015-01-04 00:00:00",25,5821,1099,1
"2015-01-04 00:00:00",25,5822,1149,1
"2015-01-04 00:00:00",25,4808,399,1
"2015-01-04 00:00:00",25,4906,1999,1
"2015-01-04 00:00:00",25,4962,399,1
"2015-01-04 00:00:00",25,6503,1999,1
"2015-01-04 00:00:00",25,5672,3490,1
"2015-01-04 00:00:00",25,5658,799,1
"2015-01-04 00:00:00",25,5601,399,1
"2015-01-04 00:00:00",25,6185,499,1
"2015-01-04 00:00:00",25,6254,1249,1
"2015-01-04 00:00:00",25,6028,2499,1
"2015-01-04 00:00:00",25,2416,699,1
"2015-01-04 00:00:00",25,1971,4499,1
"2015-01-04 00:00:00",25,2575,2099,-1
"2015-01-04 00:00:00",25,2778,99,1
"2015-01-04 00:00:00",25,2819,2198,1
"2015-01-04 00:00:00",25,2808,999,1
"2015-01-04 00:00:00",25,2755,999,1
"2015-01-04 00:00:00",25,1390,1398,1
"2015-01-04 00:00:00",25,2852,666,3
"2015-01-04 00:00:00",25,1535,1999,1
"2015-01-04 00:00:00",25,1876,2599,1
"2015-01-04 00:00:00",25,2853,666,3
"2015-01-04 00:00:00",25,3708,899,2
"2015-01-04 00:00:00",25,4355,2399,1
"2015-01-04 00:00:00",25,3071,799,1
"2015-01-04 00:00:00",25,3238,2398,1
"2015-01-04 00:00:00",25,3423,1399,1
"2015-01-04 00:00:00",22,10517,1849,1
"2015-01-04 00:00:00",22,9451,399,1
"2015-01-04 00:00:00",22,12206,2499,1
"2015-01-04 00:00:00",22,6156,99,1
"2015-01-04 00:00:00",22,5821,1099,1
"2015-01-04 00:00:00",22,7805,498,1
"2015-01-04 00:00:00",22,7308,349,1
"2015-01-04 00:00:00",22,17717,1999,1
"2015-01-04 00:00:00",22,19436,799,1
"2015-01-04 00:00:00",22,19307,799,1
"2015-01-04 00:00:00",22,16249,899,1
"2015-01-04 00:00:00",22,13387,299,5
"2015-01-04 00:00:00",22,13367,299,1
"2015-01-04 00:00:00",22,14652,199,1
"2015-01-04 00:00:00",22,14386,149,1
"2015-01-04 00:00:00",19,16055,599,1
"2015-01-04 00:00:00",19,16056,799,1
"2015-01-04 00:00:00",19,16184,449,1
"2015-01-04 00:00:00",19,16210,359,1
"2015-01-04 00:00:00",22,3443,1799,1
"2015-01-04 00:00:00",22,3236,2398,1
"2015-01-04 00:00:00",22,3234,498,1
"2015-01-04 00:00:00",22,3071,799,1
"2015-01-04 00:00:00",22,2445,599,1
"2015-01-04 00:00:00",22,4806,99,2
"2015-01-04 00:00:00",22,4548,2090,1
"2015-01-04 00:00:00",22,4516,349,1
"2015-01-04 00:00:00",22,4367,1399,1
"2015-01-04 00:00:00",22,4190,1192,1
"2015-01-04 00:00:00",22,486,300,2
"2015-01-04 00:00:00",22,787,420,1
"2015-01-04 00:00:00",22,482,3300,3
"2015-01-04 00:00:00",22,1534,1299,1
"2015-01-04 00:00:00",22,1568,1999,1
"2015-01-04 00:00:00",22,1389,1998,1
"2015-01-04 00:00:00",22,839,3300,1
"2015-01-04 00:00:00",22,837,4600,1
"2015-01-04 00:00:00",21,11311,899,1
"2015-01-04 00:00:00",21,11306,449,2
"2015-01-04 00:00:00",21,11431,79,1
"2015-01-04 00:00:00",21,8079,399,1
"2015-01-04 00:00:00",21,11247,399,1
"2015-01-04 00:00:00",21,12399,99,1
"2015-01-04 00:00:00",21,12362,399,1
"2015-01-04 00:00:00",21,12552,199,1
"2015-01-04 00:00:00",21,12090,399,1
"2015-01-04 00:00:00",21,8569,399,2
"2015-01-04 00:00:00",21,8981,399,1
"2015-01-04 00:00:00",21,8508,699,1
"2015-01-04 00:00:00",21,8455,3490,1
"2015-01-04 00:00:00",21,10476,479,1
"2015-01-04 00:00:00",21,15470,249,1
"2015-01-04 00:00:00",21,17046,399,2
"2015-01-04 00:00:00",21,16859,28,1
"2015-01-04 00:00:00",21,17717,1744.5,2
"2015-01-04 00:00:00",21,16493,399,1
"2015-01-04 00:00:00",21,15817,399,1
"2015-01-04 00:00:00",21,13827,169,1
"2015-01-04 00:00:00",21,13802,499,2
"2015-01-04 00:00:00",21,13229,499,1
"2015-01-04 00:00:00",21,13230,499,1
"2015-01-04 00:00:00",21,14243,399,1
"2015-01-04 00:00:00",21,2517,399,1
"2015-01-04 00:00:00",21,2813,899,1
"2015-01-04 00:00:00",21,1969,3999,1
"2015-01-04 00:00:00",21,2254,1399,1
"2015-01-04 00:00:00",21,2946,449,-1
"2015-01-04 00:00:00",21,3553,2799,1
"2015-01-04 00:00:00",21,3342,2999,1
"2015-01-04 00:00:00",22,21364,479,2
"2015-01-04 00:00:00",22,20949,5,3
"2015-01-04 00:00:00",21,1523,799,-1
"2015-01-04 00:00:00",21,1256,149,1
"2015-01-04 00:00:00",22,22162,399,1
"2015-01-04 00:00:00",21,6252,299,1
"2015-01-04 00:00:00",21,5666,3490,1
"2015-01-04 00:00:00",21,6503,1999,1
"2015-01-04 00:00:00",21,7220,1299,1
"2015-01-04 00:00:00",21,7172,2599,1
"2015-01-04 00:00:00",21,7087,999,1
"2015-01-04 00:00:00",21,6675,26990,1
"2015-01-04 00:00:00",21,6625,999,1
"2015-01-04 00:00:00",21,4807,399,1
"2015-01-04 00:00:00",21,3801,299,1
"2015-01-04 00:00:00",21,4102,349,1
"2015-01-04 00:00:00",21,5459,349,1
"2015-01-04 00:00:00",21,4717,299,1
"2015-01-04 00:00:00",21,4904,399,2
"2015-01-04 00:00:00",21,5046,349,1
"2015-01-04 00:00:00",21,5037,2599,1
"2015-01-04 00:00:00",26,16676,399,1
"2015-01-04 00:00:00",26,20225,479,2
"2015-01-04 00:00:00",26,20226,799,1
"2015-01-04 00:00:00",26,20540,1499,1
"2015-01-04 00:00:00",26,20405,2399,1
"2015-01-04 00:00:00",26,18975,149,1
"2015-01-04 00:00:00",26,21364,479,1
"2015-01-04 00:00:00",26,15450,999,1
"2015-01-04 00:00:00",26,16147,599,1
"2015-01-04 00:00:00",26,14437,349,1
"2015-01-04 00:00:00",27,1971,4499,1
"2015-01-04 00:00:00",27,1876,2599,1
"2015-01-04 00:00:00",27,1969,3999,1
"2015-01-04 00:00:00",27,2416,699,1
"2015-01-04 00:00:00",26,21388,999,1
"2015-01-04 00:00:00",26,21386,169,1
"2015-01-04 00:00:00",26,21367,749,1
"2015-01-04 00:00:00",26,21366,1599,1
"2015-01-04 00:00:00",27,1315,449,1
"2015-01-04 00:00:00",27,971,349,1
"2015-01-04 00:00:00",26,4178,1590,1
"2015-01-04 00:00:00",26,4352,1699,1
"2015-01-04 00:00:00",26,4103,2049,1
"2015-01-04 00:00:00",26,4717,299,1
"2015-01-04 00:00:00",26,1905,249,1
"2015-01-04 00:00:00",26,1969,3999,1
"2015-01-04 00:00:00",26,5820,3199,1
"2015-01-04 00:00:00",26,2252,399,1
"2015-01-04 00:00:00",26,2049,998,1
"2015-01-04 00:00:00",26,2592,499,1
"2015-01-04 00:00:00",26,10337,149,1
"2015-01-04 00:00:00",26,10478,799,1
"2015-01-04 00:00:00",26,11926,1079,1
"2015-01-04 00:00:00",26,11927,599,1
"2015-01-04 00:00:00",26,10788,249,1
"2015-01-04 00:00:00",26,10786,299,1
"2015-01-04 00:00:00",26,10785,349,1
"2015-01-04 00:00:00",26,10784,399,1
"2015-01-04 00:00:00",26,10782,249,1
"2015-01-04 00:00:00",26,11496,169,1
"2015-01-04 00:00:00",26,5823,2799,1
"2015-01-04 00:00:00",26,7812,5890,1
"2015-01-04 00:00:00",27,9355,349,3
"2015-01-04 00:00:00",27,10476,479,1
"2015-01-04 00:00:00",27,10216,149,1
"2015-01-04 00:00:00",27,7794,2498,1
"2015-01-04 00:00:00",27,7087,999,1
"2015-01-04 00:00:00",27,7894,2290,1
"2015-01-04 00:00:00",27,13721,229,1
"2015-01-04 00:00:00",27,15040,599,1
"2015-01-04 00:00:00",27,13881,599,1
"2015-01-04 00:00:00",27,11927,599,1
"2015-01-04 00:00:00",27,12411,199,1
"2015-01-04 00:00:00",27,4181,1190,1
"2015-01-04 00:00:00",27,3753,599,1
"2015-01-04 00:00:00",27,3340,1799,1
"2015-01-04 00:00:00",27,3476,799,1
"2015-01-04 00:00:00",27,3327,149,1
"2015-01-04 00:00:00",27,5643,2990,2
"2015-01-04 00:00:00",27,6474,249,1
"2015-01-04 00:00:00",27,6117,249,1
"2015-01-04 00:00:00",27,4717,299,1
"2015-01-04 00:00:00",27,4870,1299,1
"2015-01-04 00:00:00",27,5240,799,1
"2015-01-04 00:00:00",25,12465,199,1
"2015-01-04 00:00:00",25,12527,449,1
"2015-01-04 00:00:00",25,12730,1490,1
"2015-01-04 00:00:00",25,11927,599,2
"2015-01-04 00:00:00",25,11926,1079,1
"2015-01-04 00:00:00",25,14044,399,1
"2015-01-04 00:00:00",25,14019,149,1
"2015-01-04 00:00:00",25,14216,299,1
"2015-01-04 00:00:00",25,15114,249,1
"2015-01-04 00:00:00",25,15112,159,1
"2015-01-04 00:00:00",25,13674,1649,2
"2015-01-04 00:00:00",25,13687,1799,1
"2015-01-04 00:00:00",25,13802,499,1
"2015-01-04 00:00:00",25,13856,28,1
"2015-01-04 00:00:00",25,13723,229,1
"2015-01-04 00:00:00",25,8981,399,1
"2015-01-04 00:00:00",25,9396,299,1
"2015-01-04 00:00:00",25,8888,199,1
"2015-01-04 00:00:00",25,8856,299,1
"2015-01-04 00:00:00",25,8808,99,1
"2015-01-04 00:00:00",25,10216,149,1
"2015-01-04 00:00:00",25,7933,1190,1
"2015-01-04 00:00:00",25,7856,799,1
"2015-01-04 00:00:00",25,8537,349,1
"2015-01-04 00:00:00",25,8469,349,1
"2015-01-04 00:00:00",25,11185,349,1
"2015-01-04 00:00:00",25,11184,199,1
"2015-01-04 00:00:00",25,11339,349,1
"2015-01-04 00:00:00",25,11652,399,1
"2015-01-04 00:00:00",25,10617,689,1
"2015-01-04 00:00:00",25,10578,299,1
"2015-01-04 00:00:00",25,10382,399,1
"2015-01-04 00:00:00",25,9994,449,1
"2015-01-04 00:00:00",25,9929,58,1
"2015-01-04 00:00:00",25,10478,799,1
"2015-01-04 00:00:00",25,19686,399,1
"2015-01-04 00:00:00",25,19438,2999,1
"2015-01-04 00:00:00",25,19118,699,1
"2015-01-04 00:00:00",25,19893,449,1
"2015-01-04 00:00:00",25,19986,1999,1
"2015-01-04 00:00:00",25,18042,299,1
"2015-01-04 00:00:00",25,19405,399,1
"2015-01-04 00:00:00",25,18953,28,1
"2015-01-04 00:00:00",25,18454,199,1
"2015-01-04 00:00:00",25,21427,169,1
"2015-01-04 00:00:00",25,21386,169,1
"2015-01-04 00:00:00",25,21361,1999,1
"2015-01-04 00:00:00",25,21362,1099,1
"2015-01-04 00:00:00",25,20611,2249,1
"2015-01-04 00:00:00",25,20608,1999,1
"2015-01-04 00:00:00",25,21364,479,1
"2015-01-04 00:00:00",25,20957,1198,1
"2015-01-04 00:00:00",25,15938,1299,1
"2015-01-04 00:00:00",25,16245,1099,1
"2015-01-04 00:00:00",25,16160,1999,1
"2015-01-04 00:00:00",25,15456,649,1
"2015-01-04 00:00:00",25,17104,399,1
"2015-01-04 00:00:00",25,16896,399,1
"2015-01-04 00:00:00",25,17717,1499,1
"2015-01-04 00:00:00",25,15817,399,1
"2015-01-04 00:00:00",25,15787,399,1
"2015-01-04 00:00:00",25,15844,349,1
"2015-01-04 00:00:00",25,15746,599,2
"2015-01-04 00:00:00",25,16310,1279,1
"2015-01-04 00:00:00",25,16826,4999,1
"2015-01-04 00:00:00",25,16487,399,1
"2015-01-04 00:00:00",56,2308,199,1
"2015-01-04 00:00:00",56,2252,399,1
"2015-01-04 00:00:00",56,2269,599,1
"2015-01-04 00:00:00",56,2283,999,1
"2015-01-04 00:00:00",56,3072,3499,1
"2015-01-04 00:00:00",56,2939,449,1
"2015-01-04 00:00:00",56,2934,449,1
"2015-01-04 00:00:00",55,21486,210,1
"2015-01-04 00:00:00",55,19434,50,1
"2015-01-04 00:00:00",56,3341,2599,2
"2015-01-04 00:00:00",56,4427,299,1
"2015-01-04 00:00:00",56,4516,349,1
"2015-01-04 00:00:00",56,4181,1190,1
"2015-01-04 00:00:00",55,13097,1000,4
"2015-01-04 00:00:00",55,13099,500,2
"2015-01-04 00:00:00",55,10205,1079,1
"2015-01-04 00:00:00",55,11286,399,1
"2015-01-04 00:00:00",55,10583,199,1
"2015-01-04 00:00:00",55,18015,300,1
"2015-01-04 00:00:00",55,19288,500,1
"2015-01-04 00:00:00",55,13342,150,1
"2015-01-04 00:00:00",55,13341,150,1
"2015-01-04 00:00:00",55,13359,150,1
"2015-01-04 00:00:00",56,14313,199,1
"2015-01-04 00:00:00",56,20225,479,1
"2015-01-04 00:00:00",56,19116,399,1
"2015-01-04 00:00:00",56,19134,549,1
"2015-01-04 00:00:00",56,20949,5,1
"2015-01-04 00:00:00",56,9355,349,1
"2015-01-04 00:00:00",56,9394,299,1
"2015-01-04 00:00:00",56,9409,349,1
"2015-01-04 00:00:00",56,9862,99,1
"2015-01-04 00:00:00",56,12610,349,1
"2015-01-04 00:00:00",56,10842,399,1
"2015-01-04 00:00:00",56,10478,799,1
"2015-01-04 00:00:00",54,21364,479,1
"2015-01-04 00:00:00",54,20225,479,1
"2015-01-04 00:00:00",54,19216,99,1
"2015-01-04 00:00:00",54,19836,99,1
"2015-01-04 00:00:00",54,21365,999,2
"2015-01-04 00:00:00",54,22058,169,1
"2015-01-04 00:00:00",54,21684,149,1
"2015-01-04 00:00:00",54,21679,149,1
"2015-01-04 00:00:00",54,16359,249,1
"2015-01-04 00:00:00",54,18253,299,1
"2015-01-04 00:00:00",54,18699,199,1
"2015-01-04 00:00:00",54,18882,79,1
"2015-01-04 00:00:00",54,18884,79,1
"2015-01-04 00:00:00",54,17130,58,1
"2015-01-04 00:00:00",54,17398,99,1
"2015-01-04 00:00:00",54,18163,299,1
"2015-01-04 00:00:00",55,799,25,1
"2015-01-04 00:00:00",55,803,100,1
"2015-01-04 00:00:00",55,492,600,1
"2015-01-04 00:00:00",55,493,250,1
"2015-01-04 00:00:00",54,16055,599,1
"2015-01-04 00:00:00",54,7853,399,1
"2015-01-04 00:00:00",54,10891,199,1
"2015-01-04 00:00:00",54,10940,1148,1
"2015-01-04 00:00:00",54,10277,249,1
"2015-01-04 00:00:00",54,10003,99,1
"2015-01-04 00:00:00",54,5341,1399,1
"2015-01-04 00:00:00",54,5837,499,1
"2015-01-04 00:00:00",54,4701,299,1
"2015-01-04 00:00:00",54,4717,299,1
"2015-01-04 00:00:00",54,7220,1299,1
"2015-01-04 00:00:00",54,7736,299,1
"2015-01-04 00:00:00",54,6129,1999,1
"2015-01-04 00:00:00",54,6432,198,1
"2015-01-04 00:00:00",54,15085,699,1
"2015-01-04 00:00:00",54,15088,799,1
"2015-01-04 00:00:00",54,14710,399,1
"2015-01-04 00:00:00",54,14845,199,2
"2015-01-04 00:00:00",54,15193,299,1
"2015-01-04 00:00:00",54,14243,399,1
"2015-01-04 00:00:00",54,14280,349,1
"2015-01-04 00:00:00",54,15398,1129,1
"2015-01-04 00:00:00",54,16056,799,1
"2015-01-04 00:00:00",54,12064,99,1
"2015-01-04 00:00:00",54,11200,149,1
"2015-01-04 00:00:00",54,11244,69,1
"2015-01-04 00:00:00",54,13802,499,1
"2015-01-04 00:00:00",54,13159,299,1
"2015-01-04 00:00:00",54,13166,249,1
"2015-01-04 00:00:00",54,13557,2499,1
"2015-01-04 00:00:00",55,1373,79.2,1
"2015-01-04 00:00:00",55,5760,1499,1
"2015-01-04 00:00:00",55,5917,59,1
"2015-01-04 00:00:00",55,5759,799,3
"2015-01-04 00:00:00",55,4899,1349,2
"2015-01-04 00:00:00",55,7967,999,1
"2015-01-04 00:00:00",55,9121,50,2
"2015-01-04 00:00:00",55,9124,50,4
"2015-01-04 00:00:00",55,9458,220,2
"2015-01-04 00:00:00",55,8040,75,1
"2015-01-04 00:00:00",55,7966,2599,2
"2015-01-04 00:00:00",55,7093,229,1
"2015-01-04 00:00:00",55,3025,1799,2
"2015-01-04 00:00:00",55,3156,750,1
"2015-01-04 00:00:00",55,1875,1999,6
"2015-01-04 00:00:00",55,4192,1490,2
"2015-01-04 00:00:00",55,3473,499,1
"2015-01-04 00:00:00",55,3729,1999,4
"2015-01-04 00:00:00",55,3728,1999,3
"2015-01-04 00:00:00",57,15817,399,1
"2015-01-04 00:00:00",57,15778,169,1
"2015-01-04 00:00:00",57,16434,399,1
"2015-01-04 00:00:00",57,16524,79,1
"2015-01-04 00:00:00",57,15941,2349,1
"2015-01-04 00:00:00",57,15555,58,1
"2015-01-04 00:00:00",57,16128,1499,1
"2015-01-04 00:00:00",57,15650,28,1
"2015-01-04 00:00:00",57,16169,299,1
"2015-01-04 00:00:00",57,17956,169,1
"2015-01-04 00:00:00",57,17493,28,1
"2015-01-04 00:00:00",57,17565,399,1
"2015-01-04 00:00:00",57,17785,169,1
"2015-01-04 00:00:00",57,18380,199,1
"2015-01-04 00:00:00",57,18209,299,1
"2015-01-04 00:00:00",57,17467,399,1
"2015-01-04 00:00:00",57,17046,399,1
"2015-01-04 00:00:00",57,16922,399,1
"2015-01-04 00:00:00",57,17322,149,1
"2015-01-04 00:00:00",57,13494,14990,1
"2015-01-04 00:00:00",57,13517,2390,1
"2015-01-04 00:00:00",57,12917,249,1
"2015-01-04 00:00:00",57,12353,399,1
"2015-01-04 00:00:00",57,13755,299,1
"2015-01-04 00:00:00",57,13119,299,1
"2015-01-04 00:00:00",57,13105,499,1
"2015-01-04 00:00:00",57,15112,159,1
"2015-01-04 00:00:00",57,15063,449,1
"2015-01-04 00:00:00",57,14506,399,1
"2015-01-04 00:00:00",57,14510,29,1
"2015-01-04 00:00:00",57,15045,699,1
"2015-01-04 00:00:00",57,15438,1049,1
"2015-01-04 00:00:00",57,14755,99,1
"2015-01-04 00:00:00",57,14810,79,1
"2015-01-04 00:00:00",57,14860,58,1
"2015-01-04 00:00:00",57,14444,58,1
"2015-01-04 00:00:00",57,13825,999,1
"2015-01-04 00:00:00",57,14446,169,2
"2015-01-04 00:00:00",57,14075,148,1
"2015-01-04 00:00:00",57,14093,58,1
"2015-01-04 00:00:00",58,1969,3999,1
"2015-01-04 00:00:00",58,1469,1199,1
"2015-01-04 00:00:00",58,1467,1199,1
"2015-01-04 00:00:00",57,22076,28,1
"2015-01-04 00:00:00",57,21881,299,1
"2015-01-04 00:00:00",57,22162,399,2
"2015-01-04 00:00:00",58,3641,299,1
"2015-01-04 00:00:00",58,3343,2599,1
"2015-01-04 00:00:00",58,4228,1199,1
"2015-01-04 00:00:00",58,4138,899,1
"2015-01-04 00:00:00",58,3341,2599,1
"2015-01-04 00:00:00",57,19134,549,1
"2015-01-04 00:00:00",57,19116,399,1
"2015-01-04 00:00:00",57,20055,399,2
"2015-01-04 00:00:00",57,19752,79,1
"2015-01-04 00:00:00",57,19771,169,1
"2015-01-04 00:00:00",57,18477,249,1
"2015-01-04 00:00:00",57,21363,2879,1
"2015-01-04 00:00:00",57,21362,1099,1
"2015-01-04 00:00:00",57,21365,899,1
"2015-01-04 00:00:00",57,21367,749,1
"2015-01-04 00:00:00",57,21361,1799,1
"2015-01-04 00:00:00",57,21704,169,1
"2015-01-04 00:00:00",57,21669,149,1
"2015-01-04 00:00:00",57,20225,479,1
"2015-01-04 00:00:00",57,20311,58,1
"2015-01-04 00:00:00",57,21364,479,2
"2015-01-04 00:00:00",57,20259,149,1
"2015-01-04 00:00:00",57,4138,899,2
"2015-01-04 00:00:00",57,4102,349,1
"2015-01-04 00:00:00",57,4365,1010.45,1
"2015-01-04 00:00:00",57,5822,1149,1
"2015-01-04 00:00:00",57,4906,1999,1
"2015-01-04 00:00:00",57,5811,199,1
"2015-01-04 00:00:00",57,5821,1099,1
"2015-01-04 00:00:00",57,4870,1299,1
"2015-01-04 00:00:00",57,1143,399,1
"2015-01-04 00:00:00",57,1384,298,1
"2015-01-04 00:00:00",57,1969,3999,1
"2015-01-04 00:00:00",57,1876,2599,1
"2015-01-04 00:00:00",57,59,249,1
"2015-01-04 00:00:00",56,22162,399,1
"2015-01-04 00:00:00",57,3007,1990,1
"2015-01-04 00:00:00",57,2937,866,1
"2015-01-04 00:00:00",57,2954,721.55,1
"2015-01-04 00:00:00",57,3148,1850,1
"2015-01-04 00:00:00",57,2252,399,1
"2015-01-04 00:00:00",57,10379,149,1
"2015-01-04 00:00:00",57,10829,58,1
"2015-01-04 00:00:00",57,10726,399,1
"2015-01-04 00:00:00",57,10553,399,1
"2015-01-04 00:00:00",57,9497,99,1
"2015-01-04 00:00:00",57,9498,99,1
"2015-01-04 00:00:00",57,9499,99,1
"2015-01-04 00:00:00",57,9496,99,1
"2015-01-04 00:00:00",57,9495,99,1
"2015-01-04 00:00:00",57,9457,299,1
"2015-01-04 00:00:00",57,12104,98,1
"2015-01-04 00:00:00",57,11222,299,1
"2015-01-04 00:00:00",57,11245,28,1
"2015-01-04 00:00:00",57,11094,99,1
"2015-01-04 00:00:00",57,11142,249,1
"2015-01-04 00:00:00",57,11454,49,1
"2015-01-04 00:00:00",57,8079,399,1
"2015-01-04 00:00:00",57,7018,999,1
"2015-01-04 00:00:00",57,5834,999,1
"2015-01-04 00:00:00",57,5572,1890,1
"2015-01-04 00:00:00",57,6126,999,1
"2015-01-04 00:00:00",57,8702,399,1
"2015-01-04 00:00:00",57,7736,299,1
"2015-01-04 00:00:00",57,8209,58,1
"2015-01-04 00:00:00",57,7872,98,1
"2015-01-04 00:00:00",54,4808,399,1
"2015-01-04 00:00:00",48,22092,179,1
"2015-01-04 00:00:00",49,7736,299,1
"2015-01-04 00:00:00",49,7741,299,1
"2015-01-04 00:00:00",49,4870,1299,1
"2015-01-04 00:00:00",49,4639,1599,1
"2015-01-04 00:00:00",48,12944,98,1
"2015-01-04 00:00:00",48,14710,399,1
"2015-01-04 00:00:00",48,13970,49,1
"2015-01-04 00:00:00",48,14092,58,1
"2015-01-04 00:00:00",48,17769,99,1
"2015-01-04 00:00:00",48,18704,199,1
"2015-01-04 00:00:00",48,18407,199,1
"2015-01-04 00:00:00",48,16880,199,1
"2015-01-04 00:00:00",48,16904,149,1
"2015-01-04 00:00:00",50,5822,1149,1
"2015-01-04 00:00:00",50,5666,3490,1
"2015-01-04 00:00:00",50,4870,1299,1
"2015-01-04 00:00:00",50,4498,698,1
"2015-01-04 00:00:00",50,11893,169,1
"2015-01-04 00:00:00",50,10937,199,1
"2015-01-04 00:00:00",50,6675,26990,1
"2015-01-04 00:00:00",50,8961,169,1
"2015-01-04 00:00:00",49,16245,1099,1
"2015-01-04 00:00:00",49,18106,3799,1
"2015-01-04 00:00:00",49,19647,198,1
"2015-01-04 00:00:00",49,18625,399,1
"2015-01-04 00:00:00",49,15866,1299,1
"2015-01-04 00:00:00",49,15850,1159,1
"2015-01-04 00:00:00",50,1877,3599,1
"2015-01-04 00:00:00",50,1971,4499,1
"2015-01-04 00:00:00",50,2574,449,1
"2015-01-04 00:00:00",50,2808,999,1
"2015-01-04 00:00:00",50,2813,899,1
"2015-01-04 00:00:00",49,21364,479,1
"2015-01-04 00:00:00",47,13512,1499,1
"2015-01-04 00:00:00",47,11655,1999,1
"2015-01-04 00:00:00",47,11389,899,1
"2015-01-04 00:00:00",47,15112,159,1
"2015-01-04 00:00:00",47,15521,599,1
"2015-01-04 00:00:00",47,15519,299,1
"2015-01-04 00:00:00",47,6092,1199,1
"2015-01-04 00:00:00",47,5962,699,1
"2015-01-04 00:00:00",47,5822,1149,1
"2015-01-04 00:00:00",47,5828,549,1
"2015-01-04 00:00:00",47,9355,349,1
"2015-01-04 00:00:00",47,6351,449,1
"2015-01-04 00:00:00",47,7498,349,1
"2015-01-04 00:00:00",48,4445,299,1
"2015-01-04 00:00:00",48,3605,349,1
"2015-01-04 00:00:00",48,3341,2599,1
"2015-01-04 00:00:00",48,6297,1649,1
"2015-01-04 00:00:00",48,7780,498,1
"2015-01-04 00:00:00",48,8245,249,1
"2015-01-04 00:00:00",48,8312,198,1
"2015-01-04 00:00:00",48,8571,299,1
"2015-01-04 00:00:00",47,20225,479,1
"2015-01-04 00:00:00",47,20920,1719,1
"2015-01-04 00:00:00",47,19043,199,1
"2015-01-04 00:00:00",48,2808,999,1
"2015-01-04 00:00:00",48,2429,1799,1
"2015-01-04 00:00:00",48,2140,349,1
"2015-01-04 00:00:00",47,21367,749,1
"2015-01-04 00:00:00",47,21365,999,1
"2015-01-04 00:00:00",53,3695,1199,1
"2015-01-04 00:00:00",53,3071,799,1
"2015-01-04 00:00:00",53,6236,299,1
"2015-01-04 00:00:00",53,6740,499,1
"2015-01-04 00:00:00",53,5380,3490,1
"2015-01-04 00:00:00",52,16677,332.67,-1
"2015-01-04 00:00:00",52,17620,299,1
"2015-01-04 00:00:00",52,16209,359,1
"2015-01-04 00:00:00",52,20949,5,2
"2015-01-04 00:00:00",52,19258,299,1
"2015-01-04 00:00:00",53,1568,1999,1
"2015-01-04 00:00:00",53,1969,3399,1
"2015-01-04 00:00:00",53,2049,998,1
"2015-01-04 00:00:00",53,970,349,1
"2015-01-04 00:00:00",53,20949,5,2
"2015-01-04 00:00:00",53,19794,149,1
"2015-01-04 00:00:00",53,19817,499,1
"2015-01-04 00:00:00",53,21420,149,1
"2015-01-04 00:00:00",53,17042,149,1
"2015-01-04 00:00:00",53,18699,199,1
"2015-01-04 00:00:00",53,18454,199,1
"2015-01-04 00:00:00",54,3028,2599,1
"2015-01-04 00:00:00",54,3071,799,2
"2015-01-04 00:00:00",54,3077,1199,1
"2015-01-04 00:00:00",54,2861,1799,1
"2015-01-04 00:00:00",54,4102,349,1
"2015-01-04 00:00:00",54,3341,2599,1
"2015-01-04 00:00:00",54,3708,899,1
"2015-01-04 00:00:00",54,3617,299,1
"2015-01-04 00:00:00",54,42,299,1
"2015-01-04 00:00:00",54,109,249,1
"2015-01-04 00:00:00",54,259,249,1
"2015-01-04 00:00:00",54,1010,499,1
"2015-01-04 00:00:00",54,1969,3999,1
"2015-01-04 00:00:00",54,1260,1248,1
"2015-01-04 00:00:00",54,1364,399,1
"2015-01-04 00:00:00",53,10659,999,1
"2015-01-04 00:00:00",53,9541,349,1
"2015-01-04 00:00:00",53,12286,28,1
"2015-01-04 00:00:00",53,14810,79,1
"2015-01-04 00:00:00",53,12463,199,1
"2015-01-04 00:00:00",53,12465,199,1
"2015-01-04 00:00:00",53,12475,199,1
"2015-01-04 00:00:00",53,13880,199,2
"2015-01-04 00:00:00",51,4102,220,1
"2015-01-04 00:00:00",51,6503,1189,1
"2015-01-04 00:00:00",51,17887,275,1
"2015-01-04 00:00:00",51,18431,167,1
"2015-01-04 00:00:00",51,13697,564,1
"2015-01-04 00:00:00",50,14039,69,1
"2015-01-04 00:00:00",50,12781,149,1
"2015-01-04 00:00:00",51,2416,460,2
"2015-01-04 00:00:00",51,3656,220,1
"2015-01-04 00:00:00",50,20949,5,4
"2015-01-04 00:00:00",50,21893,28,1
"2015-01-04 00:00:00",50,22162,399,1
"2015-01-04 00:00:00",50,21364,479,1
"2015-01-04 00:00:00",50,21366,1599,1
"2015-01-04 00:00:00",52,11655,1999,1
"2015-01-04 00:00:00",52,11498,332.67,1
"2015-01-04 00:00:00",52,7723,2999,1
"2015-01-04 00:00:00",52,7872,98,1
"2015-01-04 00:00:00",52,7003,399,1
"2015-01-04 00:00:00",52,8366,549,1
"2015-01-04 00:00:00",52,13151,198,1
"2015-01-04 00:00:00",52,2760,399,1
"2015-01-04 00:00:00",52,2753,299,1
"2015-01-04 00:00:00",52,2070,98,1
"2015-01-04 00:00:00",52,3329,1199,1
"2015-01-04 00:00:00",52,3108,349,1
"2015-01-04 00:00:00",52,482,3300,1
"2015-01-04 00:00:00",52,1384,298,1
"2015-01-04 00:00:00",52,5821,1099,1
"2015-01-04 00:00:00",52,5272,299,1
"2015-01-04 00:00:00",52,6254,1249,1
"2015-01-04 00:00:00",52,5663,3690,1
"2015-01-04 00:00:00",52,5674,499,1
"2015-01-04 00:00:00",52,4181,1190,1
"2015-01-04 00:00:00",44,16056,799,1
"2015-01-04 00:00:00",44,14652,199,-1
"2015-01-04 00:00:00",44,16206,799,1
"2015-01-04 00:00:00",44,8095,499,-1
"2015-01-04 00:00:00",44,8008,299,1
"2015-01-04 00:00:00",44,13802,499,1
"2015-01-04 00:00:00",44,13442,27990,1
"2015-01-04 00:00:00",44,11927,599,1
"2015-01-04 00:00:00",44,11926,1079,1
"2015-01-04 00:00:00",45,4424,299,1
"2015-01-04 00:00:00",45,6126,999,1
"2015-01-04 00:00:00",45,2269,599,1
"2015-01-04 00:00:00",45,4871,999,2
"2015-01-04 00:00:00",44,21364,479,1
"2015-01-04 00:00:00",45,1969,3999,2
"2015-01-04 00:00:00",44,22088,119,2
"2015-01-04 00:00:00",44,7172,2599,1
"2015-01-04 00:00:00",41,11904,149,1
"2015-01-04 00:00:00",41,17365,99,1
"2015-01-04 00:00:00",41,15066,799,1
"2015-01-04 00:00:00",41,6128,2499,1
"2015-01-04 00:00:00",41,7087,999,1
"2015-01-04 00:00:00",44,4728,249,1
"2015-01-04 00:00:00",44,4467,987.58,1
"2015-01-04 00:00:00",44,6503,1999,1
"2015-01-04 00:00:00",44,5669,3490,1
"2015-01-04 00:00:00",41,21366,1439,1
"2015-01-04 00:00:00",41,21365,999,1
"2015-01-04 00:00:00",44,1114,299,-1
"2015-01-04 00:00:00",41,18626,699,1
"2015-01-04 00:00:00",41,20613,1099,1
"2015-01-04 00:00:00",44,3342,2999,1
"2015-01-04 00:00:00",44,2918,705.21,1
"2015-01-04 00:00:00",44,2954,705.21,1
"2015-01-04 00:00:00",44,2308,199,1
"2015-01-04 00:00:00",44,2070,98,1
"2015-01-04 00:00:00",46,7498,349,1
"2015-01-04 00:00:00",46,6875,299,1
"2015-01-04 00:00:00",46,10360,199,1
"2015-01-04 00:00:00",46,10357,199,1
"2015-01-04 00:00:00",46,8807,58,1
"2015-01-04 00:00:00",46,8625,199,1
"2015-01-04 00:00:00",46,9048,169,1
"2015-01-04 00:00:00",46,9409,349,1
"2015-01-04 00:00:00",46,5509,299,1
"2015-01-04 00:00:00",46,5380,3490,1
"2015-01-04 00:00:00",46,4870,1299,1
"2015-01-04 00:00:00",46,6497,1499,1
"2015-01-04 00:00:00",46,6297,1649,1
"2015-01-04 00:00:00",46,5822,1149,1
"2015-01-04 00:00:00",46,5634,3190,1
"2015-01-04 00:00:00",46,5638,3190,1
"2015-01-04 00:00:00",46,14846,199,1
"2015-01-04 00:00:00",46,15392,779,1
"2015-01-04 00:00:00",46,15857,1199,1
"2015-01-04 00:00:00",46,18042,239.2,1
"2015-01-04 00:00:00",46,18052,239.2,2
"2015-01-04 00:00:00",46,18051,239.2,1
"2015-01-04 00:00:00",46,18050,239.2,1
"2015-01-04 00:00:00",46,17717,1490,1
"2015-01-04 00:00:00",46,11893,169,1
"2015-01-04 00:00:00",46,11796,149,1
"2015-01-04 00:00:00",45,16137,399,1
"2015-01-04 00:00:00",45,16038,299,1
"2015-01-04 00:00:00",45,15818,699,1
"2015-01-04 00:00:00",45,15685,699,1
"2015-01-04 00:00:00",45,14307,749,1
"2015-01-04 00:00:00",45,13802,499,1
"2015-01-04 00:00:00",45,19041,249,1
"2015-01-04 00:00:00",45,18958,499,1
"2015-01-04 00:00:00",45,19037,349,1
"2015-01-04 00:00:00",45,12933,149,1
"2015-01-04 00:00:00",45,16671,299,1
"2015-01-04 00:00:00",45,8452,1890,2
"2015-01-04 00:00:00",45,9532,399,1
"2015-01-04 00:00:00",45,6738,499,4
"2015-01-04 00:00:00",45,6740,499,4
"2015-01-04 00:00:00",45,13505,1199,2
"2015-01-04 00:00:00",45,11181,99,1
"2015-01-04 00:00:00",46,4728,249,1
"2015-01-04 00:00:00",46,2442,1199,1
"2015-01-04 00:00:00",37,15548,199,1
"2015-01-04 00:00:00",37,13869,349,1
"2015-01-04 00:00:00",37,13401,27392,1
"2015-01-04 00:00:00",37,13505,1199,1
"2015-01-04 00:00:00",37,13405,25392,1
"2015-01-04 00:00:00",37,18622,169,1
"2015-01-04 00:00:00",37,19794,149,1
"2015-01-04 00:00:00",37,19041,249,1
"2015-01-04 00:00:00",37,16450,149,1
"2015-01-04 00:00:00",37,6768,2799,1
"2015-01-04 00:00:00",37,9532,399,1
"2015-01-04 00:00:00",37,11926,1079,1
"2015-01-04 00:00:00",37,11968,149,1
"2015-01-04 00:00:00",37,20347,1849,1
"2015-01-04 00:00:00",38,3251,58,1
"2015-01-04 00:00:00",38,2734,699,1
"2015-01-04 00:00:00",38,4029,58,1
"2015-01-04 00:00:00",38,3477,1599,1
"2015-01-04 00:00:00",37,21364,479,1
"2015-01-04 00:00:00",37,20949,5,1
"2015-01-04 00:00:00",38,2297,2598,1
